{
  "geometry_of_truth": {
    "accuracy": 0.961,
    "precision": 0.9559471365638766,
    "recall": 0.9580573951434879,
    "f1": 0.9570011025358324,
    "layer": 18,
    "aggregation": "mean",
    "n_samples": 1000,
    "roc_auc": 0.9698939832358721
  },
  "liars_bench": {
    "error": "dataset_unavailable"
  },
  "mask": {
    "error": "dataset_unavailable_or_requires_auth"
  },
  "accuracy": 0.961,
  "precision": 0.9559471365638766,
  "recall": 0.9580573951434879,
  "f1": 0.9570011025358324,
  "roc_auc": 0.9698939832358721,
  "layer": 18,
  "aggregation": "mean"
}