{
  "accuracy": 0.7613219094247246,
  "precision": 0.7597597597597597,
  "recall": 0.6875,
  "f1": 0.7218259629101283,
  "layer": 18,
  "aggregation": "last",
  "roc_auc": 0.8510518543623511
}