{
  "accuracy": 0.93625,
  "precision": 0.8869179600886918,
  "recall": 1.0,
  "f1": 0.9400705052878966,
  "layer": 13,
  "aggregation": "mean",
  "roc_auc": 0.9968750000000001
}