{
  "geometry_of_truth": {
    "accuracy": 0.964,
    "precision": 0.9631901840490797,
    "recall": 0.9631901840490797,
    "f1": 0.9631901840490797,
    "layer": 17,
    "aggregation": "last",
    "n_samples": 1000,
    "roc_auc": 0.9738353363027705
  },
  "liars_bench": {
    "error": "dataset_unavailable"
  },
  "mask": {
    "error": "dataset_unavailable_or_requires_auth"
  },
  "accuracy": 0.964,
  "precision": 0.9631901840490797,
  "recall": 0.9631901840490797,
  "f1": 0.9631901840490797,
  "roc_auc": 0.9738353363027705,
  "layer": 17,
  "aggregation": "last"
}