{
  "accuracy": 0.99265605875153,
  "precision": 1.0,
  "recall": 0.941747572815534,
  "f1": 0.97,
  "layer": 12,
  "aggregation": "max",
  "roc_auc": 1.0
}