{
  "geometry_of_truth": {
    "accuracy": 0.956,
    "precision": 0.9637526652452025,
    "recall": 0.9436325678496869,
    "f1": 0.9535864978902954,
    "layer": 13,
    "aggregation": "max",
    "n_samples": 1000,
    "roc_auc": 0.9793235267011008
  },
  "liars_bench": {
    "error": "dataset_unavailable"
  },
  "mask": {
    "error": "dataset_unavailable_or_requires_auth"
  },
  "accuracy": 0.956,
  "precision": 0.9637526652452025,
  "recall": 0.9436325678496869,
  "f1": 0.9535864978902954,
  "roc_auc": 0.9793235267011008,
  "layer": 13,
  "aggregation": "max"
}