{"accuracy": 0.89, "precision": 0.9473684210526315, "recall": 0.8411214953271028, "f1_score": 0.8910891089108911}